State,County,Deaths,Food Environment Index,National Z-Score,% Children in Poverty,95% CI - Low,95% CI - High,National Z-Score,% Children in Poverty (AIAN),% Children in Poverty (Asian),% Children in Poverty (Black),% Children in Poverty (Hispanic),% Children in Poverty (White),% Adults with Diabetes,95% CI - Low,95% CI - High,% Adults with Obesity,95% CI - Low,95% CI - High,# Limited Access to Healthy Foods,% Limited Access to Healthy Foods,# Food Insecure,% Food Insecure,Segregation Index,Population
Alabama,,102760,5.3,,21,20,22,,,,,,,14,12,15,38,36,41,418731,9,884270,17,58,5108468
Alaska,,10540,7.1,,13,11,14,,,,,,,8,7,9,32,31,34,55887,8,93620,13,57,733406
Arizona,,111570,6.8,,16,15,17,,,,,,,11,10,12,34,32,35,554825,9,963130,13,51,7431344
Arkansas,,59089,4.4,,20,19,22,,,,,,,14,13,15,38,36,40,292058,10,567110,19,65,3067732
California,,442212,8.7,,15,15,15,,,,,,,11,10,11,28,27,30,1204935,3,4915450,13,59,38965193
Colorado,,68290,8.5,,11,10,12,,,,,,,8,7,8,25,24,26,253692,5,671340,12,66,5877610
Connecticut,,42577,8.2,,13,12,14,,,,,,,9,8,10,31,29,32,152556,4,468150,13,62,3617176
Delaware,,15784,8.0,,15,14,17,,,,,,,12,10,13,38,36,41,56525,6,120130,12,45,1031890
District of Columbia,,9950,8.9,,21,17,25,,,,,,,9,8,10,25,20,31,9664,2,74070,11,67,678972
Florida,,327435,7.1,,16,15,17,,,,,,,10,9,11,32,30,34,1427412,8,2935330,13,58,22610726
Georgia,,169399,6.3,,19,18,20,,,,,,,11,10,12,37,36,39,971060,10,1426880,13,56,11029227
Hawaii,,16175,7.8,,12,10,13,,,,,,,10,9,11,27,25,29,72883,5,188280,13,62,1435138
Idaho,,22937,7.6,,11,10,12,,,,,,,9,8,10,34,32,35,124160,8,220990,11,77,1964726
Illinois,,174574,8.4,,15,14,15,,,,,,,11,10,12,33,31,35,619801,5,1506320,12,71,12549689
Indiana,,112598,6.5,,15,14,16,,,,,,,11,11,12,38,37,40,561172,9,950220,14,68,6862199
Iowa,,42850,8.5,,13,12,14,,,,,,,10,9,11,38,36,39,172835,6,344550,11,63,3207004
Kansas,,42964,6.8,,13,12,14,,,,,,,10,9,11,37,35,38,240797,8,383910,13,59,2940546
Kentucky,,91160,6.6,,20,19,21,,,,,,,13,12,14,38,36,40,277473,6,710000,16,63,4526154
Louisiana,,90024,4.8,,25,24,26,,,,,,,13,12,14,40,39,42,483383,11,777140,17,56,4573749
Maine,,21760,8.4,,13,11,14,,,,,,,9,8,10,33,32,35,47048,4,179680,13,75,1395722
Maryland,,83019,8.7,,11,10,12,,,,,,,11,10,11,34,32,35,205286,4,749260,12,63,6180253
Massachusetts,,77510,9.3,,13,12,14,,,,,,,9,8,10,27,26,28,257163,4,713870,10,63,7001399
Michigan,,159736,7.1,,18,17,18,,,,,,,10,9,11,35,33,36,630370,6,1423000,14,73,10037261
Minnesota,,63695,9.0,,10,9,11,,,,,,,9,8,10,34,33,35,302030,6,537890,9,62,5737915
Mississippi,,65048,3.9,,24,23,26,,,,,,,14,13,15,40,38,42,337505,11,553610,19,51,2939690
Missouri,,105598,6.6,,15,14,16,,,,,,,10,9,11,37,35,38,433370,7,924180,15,71,6196156
Montana,,16613,7.7,,13,12,14,,,,,,,7,6,8,31,29,32,71741,7,130980,12,80,1132812
Nebraska,,24019,7.6,,11,10,12,,,,,,,10,9,11,36,34,37,103177,6,267960,14,65,1978379
Nevada,,48964,7.1,,16,15,18,,,,,,,9,8,10,34,31,37,166038,6,456700,14,51,3194176
New Hampshire,,17942,9.4,,8,7,10,,,,,,,8,7,9,30,28,32,55706,4,135200,10,70,1402054
New Jersey,,110427,9.2,,13,12,14,,,,,,,10,9,10,29,27,31,321074,4,994800,11,65,9290841
New Mexico,,38285,4.7,,23,21,24,,,,,,,11,10,12,33,31,36,268515,13,321370,15,55,2114371
New York,,239397,8.7,,19,18,19,,,,,,,10,9,11,30,29,31,462057,2,2638700,13,75,19571216
North Carolina,,168309,6.8,,18,17,18,,,,,,,11,10,12,34,32,36,715223,8,1493870,14,53,10835491
North Dakota,,9630,8.9,,10,9,12,,,,,,,9,8,10,36,34,38,46121,7,66310,9,57,783926
Ohio,,201933,7.0,,18,17,18,,,,,,,11,11,12,38,37,40,792538,7,1653610,14,70,11785935
Oklahoma,,75177,5.5,,21,20,21,,,,,,,12,11,13,41,39,42,332606,9,672170,17,56,4053824
Oregon,,57756,8.0,,14,13,15,,,,,,,9,8,10,31,30,33,178761,5,554550,13,65,4233358
Pennsylvania,,195063,8.5,,16,15,16,,,,,,,10,9,11,33,31,35,582722,5,1538100,12,72,12961683
Rhode Island,,13444,8.8,,15,13,17,,,,,,,10,9,11,31,29,33,49170,5,118890,11,62,1095962
South Carolina,,96385,6.5,,19,18,20,,,,,,,11,10,12,36,34,37,450982,10,678710,13,48,5373555
South Dakota,,12561,7.3,,14,12,15,,,,,,,8,7,9,37,34,41,69046,8,106170,12,66,919318
Tennessee,,136801,6.4,,19,18,20,,,,,,,13,12,14,39,37,41,563086,9,984430,14,67,7126489
Texas,,394647,5.7,,18,18,19,,,,,,,13,12,14,36,34,37,2099608,8,4919210,16,55,30503301
Utah,,29930,8.0,,9,8,10,,,,,,,9,8,10,32,31,33,160015,6,414510,12,70,3417734
Vermont,,8599,9.1,,10,9,12,,,,,,,7,6,8,27,25,28,18610,3,75410,12,62,647464
Virginia,,116521,8.8,,13,12,13,,,,,,,11,11,12,35,34,37,355070,4,963980,11,51,8715698
Washington,,92250,8.5,,12,11,13,,,,,,,9,8,9,32,31,33,341332,5,891960,12,60,7812880
West Virginia,,42671,6.5,,20,18,21,,,,,,,14,13,15,42,40,44,139050,8,266370,15,61,1770071
Wisconsin,,78299,8.8,,13,12,14,,,,,,,9,8,9,38,37,40,284381,5,617790,11,77,5910955
Wyoming,,9112,6.5,,12,10,14,,,,,,,8,7,9,35,33,37,44840,8,83780,14,71,584057